﻿<?xml version="1.0" encoding="UTF-8"?>
<Skills>
  <Skill>
    <SkillName>Akrobatik</SkillName>
    <Specializations>Abrollen, Entfesseln, Tanz</Specializations>
  </Skill>
  <Skill>
    <SkillName>Arkana</SkillName>
    <Specializations>Äther erkennen, Aura lesen, Ätherkunde</Specializations>
  </Skill>
  <Skill>
    <SkillName>Athletik</SkillName>
    <Specializations>Klettern, Schwimmen</Specializations>
  </Skill>
  <Skill>
    <SkillName>Bodenfahrzeuge</SkillName>
    <Specializations>Radfahrzeuge, Motorräder, Kettenfahrzeuge, Schweber</Specializations>
  </Skill>
  <Skill>
    <SkillName>Bürokratie</SkillName>
    <Specializations>Archive durchsuchen, Investigation, Muster erkennen, Fälschen</Specializations>
  </Skill>
  <Skill>
    <SkillName>Elektronik</SkillName>
    <Specializations>Fernsteuerung, Hacking, Datenverarbeitung, Sicherheitstechnik</Specializations>
  </Skill>
  <Skill>
    <SkillName>Einschüchterung</SkillName>
    <Specializations>Physisch, Psychisch, Folter</Specializations>
  </Skill>
  <Skill>
    <SkillName>Feldkunde</SkillName>
    <Specializations>Botanik, Navigation, Spurenlesen, Überleben, Urbanes</Specializations>
  </Skill>
  <Skill>
    <SkillName>Handwerk</SkillName>
    <Specializations>je nach Berufen</Specializations>
  </Skill>
  <Skill>
    <SkillName>Heimlichkeit</SkillName>
    <Specializations>Taschendiebstahl, Fingerfertigkeit, Schleichen</Specializations>
  </Skill>
  <Skill>
    <SkillName>Luftfahrzeuge</SkillName>
    <Specializations>Rotor, Jet</Specializations>
  </Skill>
  <Skill>
    <SkillName>Maschinenbau</SkillName>
    <Specializations>Kybernetik, Mechanik, Robotik, Schlösser knacken</Specializations>
  </Skill>
  <Skill>
    <SkillName>Medizin</SkillName>
    <Specializations>Erste Hilfe, Folgebehandlung, je nach Metatyp</Specializations>
  </Skill>
  <Skill>
    <SkillName>Menschenkenntnis</SkillName>
    <Specializations>Lügen erkennen, Psychologie</Specializations>
  </Skill>
  <Skill>
    <SkillName>Überreden</SkillName>
    <Specializations>Feilschen, Führung, Verführung, Täuschung</Specializations>
  </Skill>
  <Skill>
    <SkillName>Vorführung</SkillName>
    <Specializations>Gesang, Instrument, Verkörperung, Verkleidung</Specializations>
  </Skill>
  <Skill>
    <SkillName>Waffenfertigkeit (Art)</SkillName>
    <Specializations>Extreme Entfernung, Salvenfeuer etc.</Specializations>
  </Skill>
  <Skill>
    <SkillName>Wahrnehmung</SkillName>
    <Specializations>Sehen, Hören, Tasten, Riechen, Schmecken, Durchsuchen</Specializations>
  </Skill>
  <Skill>
    <SkillName>Wasserfahrzeuge</SkillName>
    <Specializations>Segelboote, Jetskis, Rennboote etc.</Specializations>
  </Skill>
  <Skill>
    <SkillName>Wissen / Fremdsprache (Art)</SkillName>
    <Specializations>jeweiliges Spezialgebiet im ausgewählten Wissensbereich</Specializations>
  </Skill>
</Skills>